"x","freq"
"  00185  Rome",1
"  00187 Rome",1
"  Dubai",1
"  Playa del Carmen 77710",1
" 00010 Rome",1
" 00012 Rome",1
" 00036 Rome",1
" 00047 Rome",2
" 00050 Rome",1
" 00100 Rome",3
" 00119 Rome",1
" 00121 Rome",4
" 00122 Rome",1
" 00123 Rome",4
" 00124 Rome",1
" 00125 Rome",1
" 00128 Rome",3
" 00131 Rome",1
" 00133 Rome",5
" 00134 Rome",4
" 00135 Rome",2
" 00136 Rome",9
" 00138 Rome",3
" 00141 Rome",5
" 00142 Rome",2
" 00143 Rome",2
" 00144 Rome",10
" 00145  Rome",1
" 00145 Rome",1
" 00146 Rome",4
" 00147 Rome",2
" 00148 Rome",4
" 00149 Rome",1
" 00151 Rome",1
" 00152 Rome",2
" 00153 Rome",20
" 00154 Rome",4
" 00155 Rome",5
" 00156 Rome",4
" 00158  Rome",1
" 00159 Rome",1
" 00161 Rome",11
" 00162 Rome",4
" 00163 Rome",4
" 00164 Rome",1
" 00165  Rome",1
" 00165 Rome",28
" 00166 Rome",6
" 00167 Rome",5
" 00168 Rome",3
" 00169 Rome",2
" 00173 Rome",5
" 00176 Rome",5
" 00177 Rome",1
" 00178 Rome",7
" 00179  Rome",1
" 00179 Rome",2
" 00181 Rome",3
" 00182 Rome",3
" 00183 Rome",2
" 00184  Rome",1
" 00184 Rome",106
" 00185  Rome",7
" 00185 Rome",201
" 00186 Rome",62
" 00187  Rome",5
" 00187 Rome",136
" 00188 Rome",1
" 00189 Rome",2
" 00191 Rome",3
" 00192  Rome",1
" 00192 Rome",24
" 00193 Rome",23
" 00194 Rome",1
" 00195 Rome",10
" 00196 Rome",3
" 00197 Rome",13
" 00198 Rome",20
" 00199 Rome",2
" 00622",1
" 00623",1
" 00656",1
" 00667",2
" 00765",5
" 00769",1
" 00775",2
" 0185 Rome",1
" 08001  Barcelona",3
" 08001 Barcelona",39
" 08002  Barcelona",2
" 08002 Barcelona",57
" 08003  Barcelona",1
" 08003 Barcelona",14
" 08004  Barcelona",1
" 08004 Barcelona",11
" 08005 Barcelona",9
" 08006 Barcelona",7
" 08007 Barcelona",15
" 08008  Barcelona",1
" 08008 Barcelona",12
" 08009 Barcelona",6
" 08010  Barcelona",1
" 08010 Barcelona",11
" 08011 Barcelona",14
" 08012 Barcelona",1
" 08013 Barcelona",11
" 08014 Barcelona",8
" 08015 Barcelona",9
" 08016 Barcelona",1
" 08017 Barcelona",5
" 08018 Barcelona",8
" 08019 Barcelona",9
" 08021 Barcelona",6
" 08022 Barcelona",4
" 08023 Barcelona",5
" 08024 Barcelona",1
" 08025 Barcelona",9
" 08026 Barcelona",4
" 08027 Barcelona",1
" 08028 Barcelona",8
" 08029  Barcelona",1
" 08029 Barcelona",16
" 08030 Barcelona",1
" 08031 Barcelona",1
" 08034 Barcelona",5
" 08035  Barcelona",1
" 08036 Barcelona",7
" 08037 Barcelona",3
" 08038 Barcelona",1
" 08039 Barcelona",2
" 08040 Barcelona",1
" 08041 Barcelona",1
" 08210 Barcelona",1
" 08290 Barcelona",1
" 08294 Barcelona",1
" 08302 Barcelona",1
" 08394 Barcelona",1
" 08530  Barcelona",1
" 08635 Barcelona",1
" 08750 Barcelona",1
" 08800 Barcelona",1
" 08820 Barcelona",1
" 08840 Barcelona",2
" 08850 Barcelona",1
" 08903 Barcelona",1
" 08907 Barcelona",2
" 08908 Barcelona",1
" 08930 Barcelona",1
" 08940 Barcelona",1
" 08960 Barcelona",1
" 08970 Barcelona",2
" 100185 Rome",1
" 10093 Rome",1
" 10115 Berlin",12
" 10117 Berlin",37
" 10119 Berlin",9
" 10178 Berlin",10
" 10179 Berlin",9
" 10243 Berlin",10
" 10245 Berlin",2
" 10247 Berlin",5
" 10249 Berlin",3
" 10315 Berlin",1
" 10317 Berlin",3
" 10367 Berlin",2
" 10369 Berlin",1
" 10405 Berlin",6
" 10407 Berlin",2
" 10409 Berlin",1
" 10435 Berlin",2
" 10437 Berlin",2
" 10553 Berlin",2
" 10555 Berlin",3
" 10557 Berlin",3
" 10559 Berlin",3
" 10585 Berlin",2
" 10589 Berlin",1
" 10623 Berlin",22
" 10625 Berlin",2
" 10627 Berlin",12
" 10629  Berlin",1
" 10629 Berlin",5
" 10696 Berlin",1
" 10707  Berlin",1
" 10707 Berlin",22
" 10709 Berlin",5
" 10711 Berlin",3
" 10713 Berlin",3
" 10717 Berlin",6
" 10719  Berlin",1
" 10719 Berlin",27
" 10777 Berlin",12
" 10779 Berlin",3
" 10783 Berlin",3
" 10785 Berlin",18
" 10787  Berlin",3
" 10787 Berlin",10
" 10789 Berlin",14
" 10823 Berlin",1
" 10961  Berlin",1
" 10961 Berlin",2
" 10963 Berlin",12
" 10965 Berlin",2
" 10967 Berlin",2
" 10969 Berlin",3
" 10997 Berlin",1
" 1189 Rome",1
" 12047 Berlin",1
" 12049 Berlin",1
" 12057 Berlin",1
" 12103 Berlin",2
" 12159 Berlin",1
" 12165 Berlin",2
" 122 Rome",1
" 12247 Berlin",1
" 123 Rome",1
" 12347 Berlin",1
" 12351 Berlin",2
" 12359 Berlin",2
" 12439 Berlin",1
" 12459 Berlin",1
" 12489 Berlin",3
" 12526 Berlin",1
" 12529 Berlin",2
" 12557 Berlin",1
" 12559 Berlin",1
" 12621 Berlin",2
" 13053 Berlin",1
" 13055 Berlin",3
" 13086 Berlin",3
" 13127 Berlin",2
" 13156 Berlin",1
" 13347 Berlin",1
" 13349 Berlin",1
" 13355  Berlin",1
" 13357 Berlin",2
" 13359 Berlin",1
" 13403 Berlin",3
" 13405 Berlin",2
" 13407 Berlin",2
" 13505 Berlin",1
" 13507 Berlin",2
" 13585 Berlin",1
" 13597 Berlin",4
" 13629 Berlin",2
" 138 Rome",1
" 14052 Berlin",1
" 14055 Berlin",2
" 14057  Berlin",1
" 14057 Berlin",10
" 141 Rome",1
" 14193 Berlin",1
" 14195 Berlin",1
" 146 Rome",1
" 147 Rome",1
" 15827 Berlin",1
" 166 Rome",1
" 167 Rome",1
" 174 Rome",1
" 184 Rome",4
" 185 Rome",17
" 187 Rome",4
" 192 Rome",1
" 193 Rome",1
" 269 30122 Venice",1
" 28001 Madrid",14
" 28002 Madrid",3
" 28003 Madrid",6
" 28004  Madrid",1
" 28004 Madrid",23
" 28005 Madrid",9
" 28006 Madrid",12
" 28007 Madrid",1
" 28008  Madrid",1
" 28008 Madrid",8
" 28009 Madrid",2
" 28010 Madrid",8
" 28012  Madrid",3
" 28012 Madrid",31
" 28013  Madrid",1
" 28013 Madrid",52
" 28014  Madrid",1
" 28014 Madrid",27
" 28015 Madrid",5
" 28016 Madrid",3
" 28019 Madrid",1
" 28020 Madrid",11
" 28022 Madrid",8
" 28023 Madrid",2
" 28026 Madrid",1
" 28027 Madrid",7
" 28028 Madrid",4
" 28029 Madrid",1
" 28031 Madrid",2
" 28033 Madrid",4
" 28034 Madrid",2
" 28035 Madrid",1
" 28036 Madrid",5
" 28037 Madrid",4
" 28040 Madrid",1
" 28042 Madrid",20
" 28043 Madrid",8
" 28044 Madrid",1
" 28045 Madrid",5
" 28046 Madrid",8
" 28050 Madrid",4
" 28053 Madrid",1
" 28100 Madrid",1
" 28200 Madrid",1
" 28490 Madrid",1
" 28529 Madrid",2
" 28770 Madrid",1
" 30010 Venice",1
" 30011 Venice",1
" 30017  Venice",1
" 30020  Venice",1
" 30030 Venice",4
" 30031 Venice",1
" 30033 Venice",1
" 30100  Venice",1
" 30100 Venice",13
" 30121 Venice",40
" 30122 Venice",45
" 30123  Venice",1
" 30123 Venice",21
" 30124  Venice",3
" 30124 Venice",80
" 30125 Venice",10
" 30126 Venice",27
" 30131 Venice",11
" 30132 Venice",2
" 30133 Venice",5
" 30135 Venice",19
" 30171 Venice",2
" 30172 Venice",1
" 30173 Venice",3
" 30174 Venice",4
" 30175 Venice",5
" 43 Rome",1
" 66-99 Barcelona",1
" 75 116 Paris",4
" 75001 Paris",60
" 75002 Paris",20
" 75003 Paris",14
" 75004  Paris",2
" 75004 Paris",21
" 75005  Paris",2
" 75005 Paris",80
" 75006 Paris",116
" 75007 Paris",55
" 75008 Paris",124
" 75009  Paris",4
" 75009 Paris",62
" 75010 Paris",22
" 75011 Paris",23
" 75012 Paris",34
" 75013 Paris",17
" 75014  Paris",2
" 75014 Paris",37
" 75015 Paris",37
" 75016 Paris",15
" 75017  Paris",4
" 75017 Paris",75
" 75018  Paris",2
" 75018 Paris",13
" 75019 Paris",2
" 75020 Paris",2
" 75041 Paris",3
" 75116 Paris",46
" 8001 Barcelona",2
" 8003 Barcelona",2
" 8008 Barcelona",2
" 8011 Barcelona",1
" 92100 Paris",2
" 92310 Paris",2
" 94300  Paris",3
" Adjuntas 00601",1
" Aguada 00602",2
" Aguadilla 00600",1
" Aguadilla 00603",4
" Amsterdam",6
" Amsterdam 1000CK",1
" Amsterdam 1011",2
" Amsterdam 1011 AK",1
" Amsterdam 1011 AP",1
" Amsterdam 1011 AT",1
" Amsterdam 1011 DK",1
" Amsterdam 1011 KM ",1
" Amsterdam 1011 LZ",2
" Amsterdam 1012",3
" Amsterdam 1012 AB",1
" Amsterdam 1012 AC",1
" Amsterdam 1012 AD",1
" Amsterdam 1012 AG",1
" Amsterdam 1012 BH",1
" Amsterdam 1012 CK",1
" Amsterdam 1012 CP",3
" Amsterdam 1012 CV",1
" Amsterdam 1012 DD",1
" Amsterdam 1012 EH",1
" Amsterdam 1012 EJ",1
" Amsterdam 1012 EX",1
" Amsterdam 1012 GE",1
" Amsterdam 1012 HT",2
" Amsterdam 1012 HT ",2
" Amsterdam 1012 JD",1
" Amsterdam 1012 JE",1
" Amsterdam 1012 JL",1
" Amsterdam 1012 JM",1
" Amsterdam 1012 JS",1
" Amsterdam 1012 JT",4
" Amsterdam 1012 JV",1
" Amsterdam 1012 KC",1
" Amsterdam 1012 KL",1
" Amsterdam 1012 KW",1
" Amsterdam 1012 KZ",1
" Amsterdam 1012 LE",1
" Amsterdam 1012 LG",2
" Amsterdam 1012 LK",5
" Amsterdam 1012 LK ",1
" Amsterdam 1012 LL",4
" Amsterdam 1012 LP",2
" Amsterdam 1012 LZ",1
" Amsterdam 1012 NM",1
" Amsterdam 1012 PV",1
" Amsterdam 1012 RC",1
" Amsterdam 1012 RD",1
" Amsterdam 1012 RE",1
" Amsterdam 1012 RH ",1
" Amsterdam 1012 RS",1
" Amsterdam 1012 SC",1
" Amsterdam 1012 SG",1
" Amsterdam 1012 SJ",1
" Amsterdam 1012 SJ ",1
" Amsterdam 1012 SP",1
" Amsterdam 1012 SZ",1
" Amsterdam 1012 TL",1
" Amsterdam 1012 TM",1
" Amsterdam 1012 TN",1
" Amsterdam 1012 TP",1
" Amsterdam 1012 TR",1
" Amsterdam 1012 VC",1
" Amsterdam 1012 VE",1
" Amsterdam 1012 VX",1
" Amsterdam 1012 WH",1
" Amsterdam 1012 WJ",1
" Amsterdam 1013 EL",1
" Amsterdam 1013 HA",1
" Amsterdam 1013 ZX",2
" Amsterdam 1014 AK",1
" Amsterdam 1015 BA",1
" Amsterdam 1015 BG",1
" Amsterdam 1015 CX",1
" Amsterdam 1015 CZ",1
" Amsterdam 1015 DE",1
" Amsterdam 1015 TN",1
" Amsterdam 1015KH",1
" Amsterdam 1016",2
" Amsterdam 1016 AZ",1
" Amsterdam 1016 BJ",2
" Amsterdam 1016 CB",1
" Amsterdam 1016 CC",1
" Amsterdam 1016 CT",1
" Amsterdam 1016 DC",2
" Amsterdam 1016 DD",2
" Amsterdam 1016 GB",1
" Amsterdam 1016 GZ",1
" Amsterdam 1016 HX",1
" Amsterdam 1016 VD",1
" Amsterdam 1016 XX",1
" Amsterdam 1016HE",1
" Amsterdam 1017",2
" Amsterdam 1017 AC",1
" Amsterdam 1017 AD",1
" Amsterdam 1017 AE",1
" Amsterdam 1017 AW",1
" Amsterdam 1017 AW ",1
" Amsterdam 1017 BV",1
" Amsterdam 1017 BX",1
" Amsterdam 1017 CT",1
" Amsterdam 1017 cv",1
" Amsterdam 1017 CV",2
" Amsterdam 1017 DA",1
" Amsterdam 1017 DX",1
" Amsterdam 1017 ER",1
" Amsterdam 1017 GA",1
" Amsterdam 1017 HE",1
" Amsterdam 1017 HK",1
" Amsterdam 1017 JE",1
" Amsterdam 1017 JH",1
" Amsterdam 1017 JW",1
" Amsterdam 1017 KE",1
" Amsterdam 1017 KN",1
" Amsterdam 1017 ND",1
" Amsterdam 1017 PK",1
" Amsterdam 1017 PL",1
" Amsterdam 1017 PM",3
" Amsterdam 1017 PN",4
" Amsterdam 1017 PW",1
" Amsterdam 1017 PZ",1
" Amsterdam 1017 RE",1
" Amsterdam 1017 RX",1
" Amsterdam 1017 TD",1
" Amsterdam 1017 TV",1
" Amsterdam 1017 VN",1
" Amsterdam 1017 WL",1
" Amsterdam 1017 XK",1
" Amsterdam 1017 XR",1
" Amsterdam 1017 XV ",1
" Amsterdam 1017 ZA",1
" Amsterdam 1017 ZH ",1
" Amsterdam 1017 ZP",1
" Amsterdam 1017LK",1
" Amsterdam 1017PM",1
" Amsterdam 1017XW",1
" Amsterdam 1018 ",1
" Amsterdam 1018 CV",1
" Amsterdam 1018 DA",1
" Amsterdam 1018 DS",1
" Amsterdam 1018 EM",1
" Amsterdam 1018 GX",1
" Amsterdam 1018 SR",1
" Amsterdam 1018 ST",1
" Amsterdam 1018 TN",1
" Amsterdam 1019 BN",1
" Amsterdam 1025 KN",1
" Amsterdam 1026 CB",1
" Amsterdam 1031 XP",1
" Amsterdam 1033 RG ",1
" Amsterdam 1043 EH",1
" Amsterdam 1054",2
" Amsterdam 1054 AB ",1
" Amsterdam 1054 BV",1
" Amsterdam 1054 CH",2
" Amsterdam 1054 CJ",1
" Amsterdam 1054 ES",2
" Amsterdam 1054 EV",2
" Amsterdam 1054 EW",1
" Amsterdam 1054 EX",1
" Amsterdam 1054 EZ",2
" Amsterdam 1054 GD ",1
" Amsterdam 1054 GE",2
" Amsterdam 1054 GN",1
" Amsterdam 1054 GZ",1
" Amsterdam 1054 HM",1
" Amsterdam 1054 LH",1
" Amsterdam 1054AE",1
" Amsterdam 1055JE",1
" Amsterdam 1058 EV",1
" Amsterdam 1058 GC",1
" Amsterdam 1058 GN",1
" Amsterdam 1059 VD",1
" Amsterdam 1063",1
" Amsterdam 1064 HD",1
" Amsterdam 1066 BW",1
" Amsterdam 1066 EP",1
" Amsterdam 1069 AE",1
" Amsterdam 1071",1
" Amsterdam 1071 AK",1
" Amsterdam 1071 AN",1
" Amsterdam 1071 BN",2
" Amsterdam 1071 BX",1
" Amsterdam 1071 CH",1
" Amsterdam 1071 CJ",1
" Amsterdam 1071 CL",1
" Amsterdam 1071 CN",1
" Amsterdam 1071 CR",1
" Amsterdam 1071 CS",1
" Amsterdam 1071 CT",1
" Amsterdam 1071 CW",1
" Amsterdam 1071 GK",1
" Amsterdam 1071 HB",1
" Amsterdam 1071 KG",1
" Amsterdam 1071 KJ",1
" Amsterdam 1071 LA",1
" Amsterdam 1071 LH",1
" Amsterdam 1071 LJ",1
" Amsterdam 1071 LM",1
" Amsterdam 1071 NR",2
" Amsterdam 1071 NX",1
" Amsterdam 1071 RL",1
" Amsterdam 1071 RS",1
" Amsterdam 1071 VE",1
" Amsterdam 1071 XL",1
" Amsterdam 1071 ZD",1
" Amsterdam 1071BX",1
" Amsterdam 1072 AD",1
" Amsterdam 1072 BV",1
" Amsterdam 1072 LH",1
" Amsterdam 1072 LW",1
" Amsterdam 1072 RC",1
" Amsterdam 1072 ST",1
" Amsterdam 1072 SV",1
" Amsterdam 1073",1
" Amsterdam 1073EC",1
" Amsterdam 1074 AW",1
" Amsterdam 1074 AZ",1
" Amsterdam 1074 BK",1
" Amsterdam 1075 AG",1
" Amsterdam 1075 BT",1
" Amsterdam 1075 CJ",1
" Amsterdam 1075 CZ",1
" Amsterdam 1075 RM",1
" Amsterdam 1077",1
" Amsterdam 1077 AN",1
" Amsterdam 1077 AP",1
" Amsterdam 1077 BA",1
" Amsterdam 1077 BG",1
" Amsterdam 1077 BJ",1
" Amsterdam 1077 HN",1
" Amsterdam 1077WX",1
" Amsterdam 1078 PH",1
" Amsterdam 1082",2
" Amsterdam 1083 AD",1
" Amsterdam 1083 HJ",1
" Amsterdam 1092 AA",1
" Amsterdam 1092 CK",1
" Amsterdam 1093 EK",1
" Amsterdam 1096 BX",1
" Amsterdam 1096 CJ",1
" Amsterdam 1097BC",1
" Amsterdam 1108 AB",1
" Amsterdam 1108 AX",1
" Amsterdam 1505",1
" Amsterdam 2042",1
" Amsterdam 3021 CJ",1
" Amsterdam 6443 CE",1
" Amsterdam 7244 AV",1
" Amsterdam 8561 AS",1
" Amsterdam BR 1019",1
" Amsterdam NL-1018 DH",1
" Anasco 00610",1
" Baltimore",60
" Bayamon 00961",1
" Berlin",4
" Boqueron 00622",1
" Boston",73
" Branson",128
" British Columbia V5K 2A1",1
" British Columbia V5K 2A5",1
" British Columbia V5R-5G9",1
" British Columbia V5R 5J8",1
" British Columbia V5R 5L6",1
" British Columbia V5T 3C6",1
" British Columbia V5T 3J5",1
" British Columbia V5T 3J7",1
" British Columbia V5X 2T9",1
" British Columbia V5Z 1J8",1
" British Columbia V5Z 3Y2",1
" British Columbia V6A 1P6",1
" British Columbia V6B 1L6",1
" British Columbia V6B 1V2",1
" British Columbia V6B 1Y6",1
" British Columbia V6B 2A8",1
" British Columbia V6B 2K8",1
" British Columbia V6B 2M4",2
" British Columbia V6B 3A4",1
" British Columbia V6B 3A6",1
" British Columbia V6B 3H6",1
" British Columbia V6B 3L9",1
" British Columbia V6B 4P4",1
" British Columbia V6B 5Z6",1
" British Columbia V6B 6A2",1
" British Columbia V6B 6K4",1
" British Columbia V6B 6L9",1
" British Columbia V6B6A2",1
" British Columbia V6C 0B9",1
" British Columbia V6C 1B6 ",1
" British Columbia V6C 1M2",1
" British Columbia V6C 1P7",1
" British Columbia V6C 2E8",1
" British Columbia V6C 2R7",1
" British Columbia V6C 2T4",1
" British Columbia V6C 2W6",1
" British Columbia V6C 2Y9",1
" British Columbia V6C 3L5",1
" British Columbia V6C3B5",1
" British Columbia V6E 0A3",1
" British Columbia V6E 0A8",1
" British Columbia V6E 1C3",1
" British Columbia V6E 1C5",3
" British Columbia V6E 1C6",1
" British Columbia V6E 1N1",1
" British Columbia V6E 1P4",1
" British Columbia V6E 4R5",2
" British Columbia V6E 4R6",1
" British Columbia V6E3T3",1
" British Columbia V6G 1B9",1
" British Columbia V6G 1C1",1
" British Columbia V6G 1H7",1
" British Columbia V6G 1P6",1
" British Columbia V6G 1S3",1
" British Columbia V6G 1T3",1
" British Columbia V6G 1W5",1
" British Columbia V6G 2P6",1
" British Columbia V6G 3G7",1
" British Columbia V6G3E4",1
" British Columbia V6H 3Z3",1
" British Columbia V6P 6L6",1
" British Columbia V6T 2C9",1
" British Columbia V6X1S1",1
" British Columbia V6Z 1L8",1
" British Columbia V6Z 1M6",1
" British Columbia V6Z 1R7",1
" British Columbia V6Z 1V1",1
" British Columbia V6Z 1W5",1
" British Columbia V6Z 1Y5",1
" British Columbia V6Z 1Y7",1
" British Columbia V6Z 2B6",1
" British Columbia V6Z 2K6",1
" British Columbia V6Z 2R5",1
" British Columbia V6Z 2R9",1
" British Columbia V6Z 2W6",1
" British Columbia V6Z1M4",1
" British Columbia V6Z1R2",1
" British Columbia V7P 1V7",1
" CA 94115 (Formerly BEST WESTERN Hotel Tomo",2
" Cabo Rojo 00622",1
" Caguas 00726",1
" Calistoga",29
" Champaign",35
" Chicago",125
" Cidra 00739",1
" D-10117  Berlin",1
" Dallas",106
" Daytona Beach",90
" Dorado 00646",2
" Dubai",121
" Dubai 00000",2
" Dubai 00971",1
" Dubai 101",1
" Dubai 111454",1
" Dubai 113562",2
" Dubai 11416",1
" Dubai 11449",1
" Dubai 115443",1
" Dubai 116957",1
" Dubai 118094",1
" Dubai 119311",1
" Dubai 121818 ",1
" Dubai 122161",1
" Dubai 123233",1
" Dubai 125616",3
" Dubai 125954",1
" Dubai 125962",1
" Dubai 14042",1
" Dubai 14441",1
" Dubai 15308",1
" Dubai 16590",1
" Dubai 17000",1
" Dubai 17104",1
" Dubai 182002",2
" Dubai 185310",1
" Dubai 185323",1
" Dubai 191055",1
" Dubai 191504",1
" Dubai 20313",1
" Dubai 213208",1
" Dubai 215855",1
" Dubai 23215",1
" Dubai 24948",1
" Dubai 26816",1
" Dubai 26843",1
" Dubai 27053",1
" Dubai 27961 ",1
" Dubai 282464",1
" Dubai 283825",2
" Dubai 29016",2
" Dubai 29499",1
" Dubai 29846",1
" Dubai 32923",1
" Dubai 33196",1
" Dubai 33315",1
" Dubai 33382",1
" Dubai 337-1500",1
" Dubai 34150",1
" Dubai 40046",1
" Dubai 44401",1
" Dubai 4443",1
" Dubai 457",1
" Dubai 487021",1
" Dubai 49521",1
" Dubai 50400",1
" Dubai 5239",1
" Dubai 52555",1
" Dubai 53567",1
" Dubai 56352",1
" Dubai 61871",1
" Dubai 63833",2
" Dubai 63845",1
" Dubai 64103",2
" Dubai 64225",1
" Dubai 7470",1
" Dubai 81282",1
" Dubai 82777",1
" Dubai 8668",1
" Dubai 86880",1
" Dubai 87075",1
" Dubai 9970",1
" Dubai PO Box 13018",1
" Dubai POB 62495",1
" Dublin",1
" ES-08010 Barcelona",1
" Fajardo 00738",2
" Fajardo 00740",1
" FL 32822 (Formerly Hawthorn Suites by Wyndham Orlando",2
" FR 75008 Paris",2
" Guanica 00653",1
" Hatillo 00659",2
" Hong Kong",123
" Hong Kong 0",1
" Hong Kong 000",1
" Humacao 00791",1
" I-00184 Rome",1
" Indianapolis",136
" Isabela",1
" Isabela 00662",4
" Isla Verde",1
" Isla Verde 00979",13
" Istanbul",53
" Istanbul 34 149 ",1
" Istanbul 340110",1
" Istanbul 34025",1
" Istanbul 34037",1
" Istanbul 34050",1
" Istanbul 34080",2
" Istanbul 34093",2
" Istanbul 34100",3
" Istanbul 34104",1
" Istanbul 34110",20
" Istanbul 34112",3
" Istanbul 34113",2
" Istanbul 34120",2
" Istanbul 34121",1
" Istanbul 34122",54
" Istanbul 34122-1",1
" Istanbul 34125",1
" Istanbul 34126",6
" Istanbul 34130",9
" Istanbul 34134",5
" Istanbul 34140",3
" Istanbul 34149",1
" Istanbul 34158",1
" Istanbul 34158 ",1
" Istanbul 34173",1
" Istanbul 34200",2
" Istanbul 34210",1
" Istanbul 34210 ",1
" Istanbul 34211",1
" Istanbul 34240",1
" Istanbul 34270",4
" Istanbul 34270 ",1
" Istanbul 34280",1
" Istanbul 34295",1
" Istanbul 34300",1
" Istanbul 34303",1
" Istanbul 34330",3
" Istanbul 34337",1
" Istanbul 34340",1
" Istanbul 34345",1
" Istanbul 34347",1
" Istanbul 34349",4
" Istanbul 34353",1
" Istanbul 34357",4
" Istanbul 34363",1
" Istanbul 34367",5
" Istanbul 34371",4
" Istanbul 34373",2
" Istanbul 34375",1
" Istanbul 34380",1
" Istanbul 34394",3
" Istanbul 34398",1
" Istanbul 34400",55
" Istanbul 34400 ",1
" Istanbul 34410",17
" Istanbul 34413",1
" Istanbul 34416",1
" Istanbul 34420",12
" Istanbul 34421",2
" Istanbul 34430",7
" Istanbul 34430 ",1
" Istanbul 34433",4
" Istanbul 34435",5
" Istanbul 34437",22
" Istanbul 34437 ",1
" Istanbul 34440",2
" Istanbul 34440 ",1
" Istanbul 34445",1
" Istanbul 34470",16
" Istanbul 34480",5
" Istanbul 34490",15
" Istanbul 34492",1
" Istanbul 34500",2
" Istanbul 34510",1
" Istanbul 34570",1
" Istanbul 34590",1
" Istanbul 34620",1
" Istanbul 34668",1
" Istanbul 34676",1
" Istanbul 34684",1
" Istanbul 34714",1
" Istanbul 34740",2
" Istanbul 34742",1
" Istanbul 34744",1
" Istanbul 34750",1
" Istanbul 34752",1
" Istanbul 34770",1
" Istanbul 34800",1
" Istanbul 34810",2
" Istanbul 34812",1
" Istanbul 34831",1
" Istanbul 34840",1
" Istanbul 34880",1
" Istanbul 34890",1
" Istanbul 34899",1
" Istanbul 34900",1
" Istanbul 34910",1
" Istanbul 34912",2
" Istanbul 34980",1
" Istanbul 7200",1
" Istanbul 80000",1
" Istanbul 80050",3
" Istanbul 80070",1
" Istanbul 80080",1
" Istanbul 80090",14
" Istanbul 80200",2
" Istanbul 80220",1
" Istanbul 80290",2
" Istanbul 80670",1
" Istanbul 80810",1
" Istanbul 80840",1
" Istanbul 80860",1
" Istanbul 81580",1
" Jayuya 00664",1
" Key West",41
" Kissimmee",92
" Lajas 00667",1
" Las Marias 00606",1
" Las Vegas",259
" London",11
" London  N4 2SN ",1
" London C1H 8BA",1
" London E1 8AT",3
" London E1 8BW",1
" London E11 1PE",1
" London E14 2AA",1
" London E14 8GG",2
" London E14 9SH",3
" London E15 2NE",2
" London E15 4LD",2
" London E16 1AB",3
" London E16 2BZ",1
" London E16 3BY",2
" London E17 7BE",1
" London E18 2JG",1
" London E20 1EE",5
" London E3 3AA",2
" London E4 6QU",1
" London E7 8AA",2
" London E7 9HL",1
" London E8 3SG",1
" London E9 5SJ",1
" London EC1 7DB ",1
" London EC1R 4TY",2
" London EC1V 2PW",1
" London EC1V 8DS",1
" London EC1Y 1AE",2
" London EC1Y 4SD",1
" London EC2R 8AY",1
" London EC3N 2BD",1
" London EC4 8AD",1
" London HA8 5AQ",1
" London HA9 7JA",2
" London IG11 9PN",1
" London IG4 5DR",1
" London N10 3HT",1
" London N10 3NR",2
" London N12 0Q2",2
" London N12 8RT",2
" London N4 1DZ",1
" London N4 1RU",2
" London N4 2AP",4
" London N4 2LX",3
" London N4 2SR ",2
" London N7 0AR",1
" London N7 0RB",1
" London N8 7BU",2
" London NW1 1DJ",1
" London NW1 2ND",1
" London NW1 3UP",1
" London NW1 6DT",1
" London NW1 6SE",2
" London NW1 8AR",1
" London NW1 9AA ",1
" London NW10 7UG",2
" London NW10 8QE",2
" London NW11 9BN",1
" London NW11 9BX",1
" London NW2 2NL",1
" London NW2 3JX",1
" London NW2 6DS",2
" London NW3 3HP",1
" London NW3 3NA",1
" London NW3 4EE",1
" London NW6 5HA",3
" London NW6 5SB",2
" London NW6 6PB",1
" London SE1 5TY",2
" London SE17 3PY",1
" London SE19 2UG",2
" London SE3 0RW",2
" London SE5 8TR",2
" London SE5 OEE",1
" London SM4 5PH",1
" London SW1 1RB",1
" London SW1 V2BB",1
" London SW109EW",1
" London SW11 3SA ",1
" London SW12 9EB",1
" London SW16 8PJ",3
" London SW19 4HZ",1
" London SW1A 1LR",1
" London SW1V 1JQ",1
" London SW1V 1NZ",1
" London SW1V 1PS",1
" London SW1V 1QA",1
" London SW1V 1QL",1
" London SW1V 1QP",1
" London SW1V 1QW",1
" London SW1V 1RB",4
" London SW1V 1RG",4
" London SW1V 1RP",4
" London SW1V 1RV",2
" London SW1V 1RZ",2
" London SW1V 1SD",1
" London SW1V 2BB",5
" London SW1V 2BG",1
" London SW1V 2BH",2
" London SW1V 2BJ",1
" London SW1V 2BL",1
" London SW1V 2BP",4
" London SW1V 2BQ",2
" London SW1V 2BT",1
" London SW1V 2DB",1
" London SW1V 2DU",3
" London SW1V 4BN",1
" London SW1V 4DA",1
" London SW1V 4DP",1
" London SW1V 4HT",2
" London SW1V 4JA",1
" London SW1W 0LU",3
" London SW1W 8DJ",1
" London SW1W 9BJ",2
" London SW1W 9QD",2
" London SW1X 7PD",2
" London SW1X 7TA",1
" London SW1X 9PJ",2
" London SW1Y 6HL",1
" London SW3 2RJ",1
" London SW3 2RT",1
" London SW3 2SH",4
" London SW3 3QX",5
" London SW4 GDL",1
" London SW5 0EN",3
" London SW5 0LX",1
" London SW5 0NE",1
" London SW5 0NL",1
" London SW5 0PJ",2
" London SW5 0PT",1
" London SW5 0PU",3
" London SW5 0PZ",2
" London SW5 0QF",2
" London SW5 0QJ",2
" London SW5 0QQ",1
" London SW5 0SN",2
" London SW5 0TL",2
" London SW5 0TQ",1
" London SW5 0TR",2
" London SW5 9BY",2
" London SW5 9EA",2
" London SW5 9ED",1
" London SW5 9EJ",2
" London SW5 9HA",1
" London SW5 9JT",2
" London SW5 9LS",1
" London SW5 9LZ",1
" London SW5 9NJ",1
" London SW5 9QS",1
" London SW5 9SD",1
" London SW5 9ST",3
" London SW5 9SU",1
" London SW5 9TT",2
" London SW5 9UD",1
" London SW5 OLT",1
" London SW5 OQF",1
" London SW6 1DU",2
" London SW6 1UG",2
" London SW7 2DL",1
" London SW7 2LA",5
" London SW7 3DB",1
" London SW7 3DL",1
" London SW7 3ER",1
" London SW7 4DG",1
" London SW7 4DU",1
" London SW7 4DX",2
" London SW7 4HH",1
" London SW7 4LT",2
" London SW7 4PG",2
" London SW7 5JT",2
" London SW7 5JW",3
" London SW7 5NB",1
" London SW9 0JD",3
" London SWIV 2BJ ",1
" London SWIV 4DG",1
" London SWL 1QL",1
" London TW8 0BD",1
" London W11 2NG",1
" London W11 2QB",1
" London W11 3DG",1
" London W11 3NN",1
" London W12 7DP",1
" London W12 8EA",1
" London W14 8BB",1
" London W14 8BD",2
" London W14 8HJ",2
" London W14 8RS",1
" London W14 8SN",1
" London W14 8XJ",1
" London W1A 3BE",1
" London W1CE 6HG",2
" London W1D 6BZ",1
" London W1H 0JS",1
" London W1H 2ER",3
" London W1H 3PJ",1
" London W1H 5WD",2
" London W1H 6LN",2
" London W1H 7BY",1
" London W1H 7DS",1
" London W1H 7LG",2
" London W1H 7PF",2
" London W1H 7QH",1
" London W1J 7BS",1
" London W1J 7BX",2
" London W1J 7QY",1
" London W1K 7TN ",1
" London W1M 3FF",2
" London W1M 5RL",1
" London W1M 8HS",2
" London W1N 5LF",2
" London W1S 1LA",1
" London W1S 4BP",1
" London W1T 2AW",1
" London W1U 1LT",2
" London W1U 5LG",1
" London W1U 6HR",2
" London W1U 6JF",2
" London W1U 8JE",2
" London W1Y 7PF",1
" London W2 1HH",1
" London W2 1HL",2
" London W2 1QL",1
" London W2 1QW",1
" London W2 1RS",4
" London W2 1RT",4
" London W2 1RU",1
" London W2 1RX",3
" London W2 1TP",4
" London W2 1TR",1
" London W2 1TU",2
" London W2 1UA",4
" London W2 1UB",5
" London W2 1UD",2
" London W2 1UD ",2
" London W2 1UH",3
" London W2 1UH ",1
" London W2 1UL",3
" London W2 2AH",2
" London W2 2RX",3
" London W2 2RY",4
" London W2 2TP",1
" London W2 2TP ",1
" London W2 2TZ",2
" London W2 3AN",4
" London W2 3AR",1
" London W2 3BP",1
" London W2 3BU",2
" London W2 3DA",1
" London W2 3DH",2
" London W2 3DN",2
" London W2 3DP",2
" London W2 3DU",2
" London W2 3EL ",2
" London W2 3ES",1
" London W2 3HB",1
" London W2 3HU",1
" London W2 3JL",1
" London W2 3JN",1
" London W2 3JP",1
" London W2 3JR",2
" London W2 3JS",2
" London W2 3JU",2
" London W2 3LB",1
" London W2 3LH",1
" London W2 3QB",1
" London W2 3RA",1
" London W2 3RR",2
" London W2 3SH",6
" London W2 3SJ",1
" London W2 3SS",3
" London W2 3SY",2
" London W2 3UA",1
" London W2 3UY",1
" London W2 4BH",3
" London W2 4DR",1
" London W2 4DU",2
" London W2 4DX",1
" London W2 4EH",1
" London W2 4EW",2
" London W2 4HP",1
" London W2 4JJ",1
" London W2 4NE",2
" London W2 4NT",1
" London W2 4PR",4
" London W2 4PX",3
" London W2 4RT",1
" London W2 5BP",2
" London W2 5EJ",1
" London W2 5NA",1
" London W2 6QA",1
" London W21UH",1
" London W23DW",1
" London W3 6PG",2
" London W3 9NU",2
" London W3 OTE ",2
" London W4 1LJ",1
" London W4 5RY",4
" London W5 3HH",2
" London W5 3PR",1
" London W5 5ST",1
" London W6 0LS",2
" London W6 7LP",1
" London W6 7LS",1
" London W6 7LU",3
" London W6 7LX",3
" London W6 9LU",4
" London W7 2HJ",3
" London W8 5DG",2
" London W8 5JE",2
" London W8 5JJ",1
" London W8 5JL",1
" London W8 5PQ",1
" London W8 5SP",1
" London WC1 H9EL",2
" London WC1B 3GH",2
" London WC1B 3NA",1
" London WC1B 3QD",5
" London WC1B 3QJ",2
" London WC1B 5BN",2
" London WC1B 5JA",2
" London WC1B 5JD",2
" London WC1B 5JE",1
" London WC1B 5JH",3
" London WC1E 6HJ",4
" London WC1H 0DG",1
" London WC1H 8AB",2
" London WC1H 8AL",1
" London WC1H 8AS",3
" London WC1H 8EP",1
" London WC1H 8ER",4
" London WC1H 9BA",1
" London WC1H 9EH",1
" London WC1H 9EL",5
" London WC1H 9EU",1
" London WC1H OJW",1
" London WC1H8AL ",1
" London WC1N 1DB",1
" London WC1N 1DR",2
" London WC1N 1HT",3
" London WC1V 6TT",1
" London WC1X 8BH",1
" London WC1X 9DT",1
" London WC1X 9LN",2
" London WC1X 9NL",2
" London WC1X 9NT",1
" London WC1X 9NX",1
" London WC2B 5RE",1
" London WC2H 9DA",1
" London WC2N 6ND",1
" London WCIH 8BD",1
" Los Angeles",345
" Luquillo 00773",1
" Madrid",3
" Maui",48
" Mayaguez 00680",2
" Memphis",58
" Mexico City",3
" Mexico City 00610",1
" Mexico City 01210",3
" Mexico City 01219",1
" Mexico City 03300",1
" Mexico City 03720",1
" Mexico City 03800",1
" Mexico City 03810",2
" Mexico City 03900",2
" Mexico City 04040",1
" Mexico City 04620",1
" Mexico City 04700",1
" Mexico City 05120",1
" Mexico City 06000",8
" Mexico City 06010",2
" Mexico City 06030",6
" Mexico City 06030 ",2
" Mexico City 06040",1
" Mexico City 06050",6
" Mexico City 06060",1
" Mexico City 06070",1
" Mexico City 06080",1
" Mexico City 06100",1
" Mexico City 06300",1
" Mexico City 06400",1
" Mexico City 06470",2
" Mexico City 06500",6
" Mexico City 06600",13
" Mexico City 06600 ",1
" Mexico City 06700",5
" Mexico City 07320",1
" Mexico City 10700",1
" Mexico City 11300",1
" Mexico City 11560",4
" Mexico City 11570",1
" Mexico City 11590",2
" Mexico City 11800",1
" Mexico City 11870",1
" Mexico City 14020",1
" Mexico City 14210",1
" Mexico City 15520",1
" Mexico City 15530",1
" Mexico City 15620",1
" Mexico City 15860",1
" Mexico City 53370",1
" Mexico City 54000",1
" Mexico City 54050",1
" Mexico City 54700",1
" Mexico City 54769",1
" Mexico City 6000",1
" Miami",105
" Napa",47
" New Orleans",77
" New South Wales",3
" New South Wales 1240",1
" New South Wales 2000",74
" New South Wales 2000 ",1
" New South Wales 2007",3
" New South Wales 2008",3
" New South Wales 2009",5
" New South Wales 2010",14
" New South Wales 2011",15
" New South Wales 2016",1
" New South Wales 2017",1
" New South Wales 2020",3
" New South Wales 2021",1
" New South Wales 2025",1
" New South Wales 2026",1
" New South Wales 2028",1
" New South Wales 2031",1
" New South Wales 2037",1
" New South Wales 2045",1
" New South Wales 2048",1
" New South Wales 2050",2
" New South Wales 2060",3
" New South Wales 2060 ",1
" New South Wales 2061",1
" New South Wales 2113",2
" New South Wales 2221",1
" New South Wales NSW 2007",1
" New South Wales NSW 2010",1
" New South Wales NSW 2010 ",1
" New York City",618
" Oahu",15
" Ocean City",95
" Ontario L5P 1C4",1
" Ontario M1E 2P6",1
" Ontario M1H 2Z1",1
" Ontario M1N 1T5",1
" Ontario M2J 4R1",1
" Ontario M2J 4R2",1
" Ontario M3B 3H2",1
" Ontario M4L 1G6",1
" Ontario M4P 2L2",1
" Ontario M4W 1A7",1
" Ontario M4X 1L4 ",1
" Ontario M4X1L3",1
" Ontario M4Y 1G7",1
" Ontario M4Y 1S1",1
" Ontario M4Y 1X7",1
" Ontario M4Y 2G2",1
" Ontario M5A 2N9",1
" Ontario M5A 4R6",1
" Ontario M5B 1V8 ",1
" Ontario M5B 2C1",1
" Ontario M5B 2C2",1
" Ontario M5B 2C5",1
" Ontario M5B 2E9",1
" Ontario M5B 2G3",1
" Ontario M5B 2G8",1
" Ontario M5B 2M2",1
" Ontario M5C 1E9",1
" Ontario M5C 1N2",1
" Ontario M5C 2T9",1
" Ontario M5E 1E1",1
" Ontario M5E 1G5",1
" Ontario M5E 1W2",1
" Ontario M5G 1R1",1
" Ontario M5G 1R3",1
" Ontario M5G 1Z4",1
" Ontario M5G 2L2",1
" Ontario M5H 1A1",1
" Ontario M5H 2L2",1
" Ontario M5H 2M9",1
" Ontario M5H 4G3",1
" Ontario M5J 0A1",1
" Ontario M5J 1A6",1
" Ontario M5J 1S8",1
" Ontario M5J 2N5",1
" Ontario M5JIE3",1
" Ontario M5R 1C2",1
" Ontario M5R 2E8",1
" Ontario M5R 2G1",1
" Ontario M5R 2G3",1
" Ontario M5R 2S1",1
" Ontario M5S 1T8",1
" Ontario M5S 1V8",1
" Ontario M5S 2A2",1
" Ontario M5S 3E7",1
" Ontario M5S1C6",1
" Ontario M5T 2C2",1
" Ontario M5T 2V4",1
" Ontario M5T 2V5",1
" Ontario M5V 1J4",1
" Ontario M5V 1J9",1
" Ontario M5V 2G5",1
" Ontario M5V 2V4",1
" Ontario M5V 2X3",1
" Ontario M5V 3C6",1
" Ontario M5V 3G7",1
" Ontario M5V 3P9",1
" Ontario M5V 3T5",1
" Ontario M5V3T4",1
" Ontario M6A 2V1",1
" Ontario M6J 1J3",1
" Ontario M6J 1J6",1
" Ontario M6R 2K3",1
" Ontario M6S 1A1",1
" Ontario M8W-2W6",1
" Ontario M8X 1G5",1
" Ontario M9C 5K5",3
" Ontario M9P 3P1",1
" Ontario M9W 1H3",1
" Ontario M9W 1J1",2
" Ontario M9W 1J3",1
" Ontario M9W 1J5",2
" Ontario M9W 1J8",1
" Ontario M9W 1J9",1
" Ontario M9W 5E7",1
" Ontario M9W 5E8",1
" Ontario M9W 5G1",1
" Ontario M9W 5N4",1
" Ontario M9W 6H5",1
" Ontario M9W 6K5",1
" Ontario M9W 7K7",1
" Ontario M9W5E8",1
" Ontario M9W7K7",1
" Orlando",186
" Paris",6
" Patillas 00723",2
" Philadelphia",21
" Phoenix",183
" Playa del Carmen",6
" Playa del Carmen 77099",1
" Playa del Carmen 77500",1
" Playa del Carmen 77710",123
" Playa del Carmen 77710 ",4
" Playa del Carmen 77712",1
" Playa del Carmen 77713",1
" Playa del Carmen 77719",2
" Playa del Carmen 77760",1
" Playa del Carmen 77780",1
" Playa del Carmen CP 77710",1
" Ponce 00716",2
" Ponce 00728",1
" Ponce 00728-1510",1
" Ponce 00731",1
" Ponce 00733",1
" Quebec H1A 3R1",1
" Quebec H1B 1C8",1
" Quebec H1J 2T2",1
" Quebec H1N 1E7",1
" Quebec H1V 1A1",1
" Quebec H2K 4A4",1
" Quebec H2L-3Z1",1
" Quebec H2L 1K1",1
" Quebec H2L 1K6",1
" Quebec H2L 1L3",1
" Quebec H2L 1Y7",1
" Quebec H2L 2J4",1
" Quebec H2L 3T1",2
" Quebec H2L 3T5",1
" Quebec H2L 3Y3",1
" Quebec H2L 3Y9",1
" Quebec H2L 3Z1",6
" Quebec H2L 3Z3",2
" Quebec H2L 4C1",1
" Quebec H2L 4C6",1
" Quebec H2L 4N3",1
" Quebec H2L 5B6",1
" Quebec H2V 4E3",1
" Quebec H2V 4E4",1
" Quebec H2X 1C8",1
" Quebec H2X 1K5",1
" Quebec H2X 1N7",1
" Quebec H2X 1X9",1
" Quebec H2X 1Z5",1
" Quebec H2X 2H5",1
" Quebec H2X 2H6",1
" Quebec H2X 2K3 ",1
" Quebec H2X 2X1",1
" Quebec H2X 3J6",1
" Quebec H2X 3K4",1
" Quebec H2X 3K7",1
" Quebec H2x 3l7",1
" Quebec H2X 3P1",1
" Quebec H2X 3P8",1
" Quebec H2X 3Z5",1
" Quebec H2X 3Z8",1
" Quebec H2X 3Z9",1
" Quebec H2X 4C9",1
" Quebec H2Y 0A3",1
" Quebec H2Y 0A6",1
" Quebec H2Y 1J1",1
" Quebec H2Y 1N1",1
" Quebec H2Y 1N9",1
" Quebec H2Y 1Z3",1
" Quebec H2Y 1Z7",1
" Quebec H2Y 2E8",1
" Quebec H2Y 2K9 ",1
" Quebec H2Y 2T1",1
" Quebec H2Y 2V5",1
" Quebec H2Y 3E6",1
" Quebec H2Y 3X2",1
" Quebec H2Y 3X4",1
" Quebec H2Y2Z7",1
" Quebec H2Z 1A2",1
" Quebec H2Z 1E9",1
" Quebec H2Z 1M7",1
" Quebec H2Z 1R1 ",1
" Quebec H3A-1R8",1
" Quebec H3A 0B1",1
" Quebec H3A 1B3",1
" Quebec H3A 1B4",1
" Quebec H3A 1B7",1
" Quebec H3A 1G9",1
" Quebec H3A 1J7",1
" Quebec H3A 1M5",1
" Quebec H3A 1T6",1
" Quebec H3A 1W7",1
" Quebec H3A 1Y9",1
" Quebec H3A 2N3",1
" Quebec H3A 2R6",1
" Quebec H3B 2L7",1
" Quebec H3B 3C9",1
" Quebec H3B 4A5",1
" Quebec H3B 4C9",1
" Quebec H3C 1C2",1
" Quebec H3C 3Z7",1
" Quebec H3G 0A1",1
" Quebec H3G 1H6",1
" Quebec H3G 1T8 ",1
" Quebec H3G 1V7",1
" Quebec H3G 1V9",1
" Quebec H3G 1Z3",1
" Quebec H3G 1Z5",1
" Quebec H3G 2A9",1
" Quebec H3G1T3",1
" Quebec H3G1Z1",1
" Quebec H3H 1E3",1
" Quebec H3H 1E5",1
" Quebec H3H 1K4",1
" Quebec H3H 1L5",1
" Quebec H3H 1R3",1
" Quebec H3H 2C2",1
" Quebec H3H 2K4",1
" Quebec H3H 2K5",1
" Quebec H3H 2N5",1
" Quebec H3H 2R7",1
" Quebec H3T 1Y1",1
" Quebec h3t1j4",1
" Quebec H3W 3E1",1
" Quebec H4M 2Z5",2
" Quebec H4P 2H2",1
" Quebec H4S 1C8",1
" Quebec H4S 2G1",1
" Quebec H4T 1E3",1
" Quebec H4T 1E3 ",1
" Quebec H4T 1E5",1
" Quebec H4T 1E7",3
" Quebec H5A 1E4",1
" Quebec H5B 1E5",1
" Quebec H8T 1A6",1
" Quebec H9P 1C5",1
" Quebec H9P0A2",1
" Quebradillas 00678",2
" Rincon 00677",5
" Rio Grande 00745",4
" Rome",13
" Rutherford",2
" San Diego",495
" San Francisco",108
" San German 00683",1
" San Juan",1
" San Juan 00901",9
" San Juan 00902",1
" San Juan 00907",18
" San Juan 00908",2
" San Juan 00911",3
" San Juan 00926",1
" San Juan 00935",1
" San Juan 00949",1
" Seattle",255
" Singapore",13
" Singapore 018956",1
" Singapore 038982",1
" Singapore 039594",1
" Singapore 039595",1
" Singapore 039797",1
" Singapore 039799",1
" Singapore 049178",1
" Singapore 049247",1
" Singapore 049326",1
" Singapore 058268",1
" Singapore 058281",1
" Singapore 058476",1
" Singapore 058479",1
" Singapore 059418",1
" Singapore 059663",1
" Singapore 059804",1
" Singapore 059921",1
" Singapore 069333",1
" Singapore 069708",1
" Singapore 079908",1
" Singapore 088388",1
" Singapore 088539",1
" Singapore 089154",1
" Singapore 089158",1
" Singapore 089165",1
" Singapore 089540",1
" Singapore 089845",1
" Singapore 118759",1
" Singapore 118769",1
" Singapore 168727",1
" Singapore 168733",1
" Singapore 169040",1
" Singapore 169075",1
" Singapore 169629",1
" Singapore 169631",1
" Singapore 169632",1
" Singapore 169633",1
" Singapore 169663",1
" Singapore 169753",1
" Singapore 178881",1
" Singapore 178882",1
" Singapore 179 805",1
" Singapore 179032",1
" Singapore 179494",1
" Singapore 179809",1
" Singapore 187965",1
" Singapore 188016",1
" Singapore 188018",1
" Singapore 188061",1
" Singapore 188318",1
" Singapore 188329",1
" Singapore 188396",1
" Singapore 188549",1
" Singapore 188553",1
" Singapore 188942",1
" Singapore 189558",1
" Singapore 189559",1
" Singapore 189560",1
" Singapore 189619",1
" Singapore 189621",1
" Singapore 189626",1
" Singapore 189630",1
" Singapore 189642",1
" Singapore 189673",1
" Singapore 189971",1
" Singapore 199002",1
" Singapore 19920",1
" Singapore 199207",1
" Singapore 199591",1
" Singapore 207 662",1
" Singapore 207398",1
" Singapore 208133 ",1
" Singapore 208187",1
" Singapore 208422",1
" Singapore 208533",1
" Singapore 208767",1
" Singapore 208785",1
" Singapore 209019",1
" Singapore 209276",1
" Singapore 209391",1
" Singapore 209494",1
" Singapore 209507",1
" Singapore 209530",1
" Singapore 209598",1
" Singapore 218224",1
" Singapore 219894 ",1
" Singapore 219924",1
" Singapore 228211",1
" Singapore 228220",1
" Singapore 228221",1
" Singapore 228230",1
" Singapore 228516",1
" Singapore 228517",1
" Singapore 228518",1
" Singapore 228750",1
" Singapore 229540",1
" Singapore 229616",1
" Singapore 229617",1
" Singapore 237983",1
" Singapore 238163",1
" Singapore 238857",1
" Singapore 238865",1
" Singapore 238867",1
" Singapore 238879",1
" Singapore 238910 ",1
" Singapore 239032",1
" Singapore 239571",1
" Singapore 247905",1
" Singapore 248372",1
" Singapore 249715",1
" Singapore 249716",1
" Singapore 258350",1
" Singapore 258352",1
" Singapore 258616",1
" Singapore 259800",1
" Singapore 259803",1
" Singapore 259895",1
" Singapore 259983",1
" Singapore 299526",1
" Singapore 307470",1
" Singapore 307964",1
" Singapore 308108",1
" Singapore 329543",1
" Singapore 329715",1
" Singapore 329738",1
" Singapore 329901",1
" Singapore 329926",1
" Singapore 338739",1
" Singapore 368125",1
" Singapore 387416",1
" Singapore 387436",1
" Singapore 388189",1
" Singapore 398 730",1
" Singapore 398 961",1
" Singapore 398691",1
" Singapore 398738",1
" Singapore 398824",1
" Singapore 398828",1
" Singapore 398863",1
" Singapore 398867",1
" Singapore 399001",1
" Singapore 399037",1
" Singapore 399042",1
" Singapore 399043",1
" Singapore 399090",1
" Singapore 399174",1
" Singapore 419715",1
" Singapore 424780",1
" Singapore 427353",1
" Singapore 427452",1
" Singapore 427485",1
" Singapore 427495",1
" Singapore 427556",1
" Singapore 427726",1
" Singapore 428769",1
" Singapore 428877",1
" Singapore 428994",1
" Singapore 449536",1
" Singapore 449880",1
" Singapore 508502",1
" Singapore 519599",1
" Singapore 769162 ",1
" Singapore 819664",1
" Singapore 98838",1
" Singapore 99448",1
" Singapore SG 238883",1
" St. Helena",10
" UK",1
" Utuado 00641",1
" Venice",1
" Yabucoa 00767",2
" Yountville",10
"At the Ferry Terminal | Dewey",1
"Barcelona",1
"Flamenco Beach",1
"Istanbul",1
"NA",3027
