"x","freq"
" 00184 Rome",106
" 00185 Rome",201
" 00186 Rome",62
" 00187 Rome",136
" 08001 Barcelona",39
" 08002 Barcelona",57
" 10117 Berlin",37
" 28012 Madrid",31
" 28013 Madrid",52
" 30121 Venice",40
" 30122 Venice",45
" 30124 Venice",80
" 75001 Paris",60
" 75005 Paris",80
" 75006 Paris",116
" 75007 Paris",55
" 75008 Paris",124
" 75009 Paris",62
" 75012 Paris",34
" 75014 Paris",37
" 75015 Paris",37
" 75017 Paris",75
" 75116 Paris",46
" Baltimore",60
" Boston",73
" Branson",128
" Champaign",35
" Chicago",125
" Dallas",106
" Daytona Beach",90
" Dubai",121
" Hong Kong",123
" Indianapolis",136
" Istanbul",53
" Istanbul 34122",54
" Istanbul 34400",55
" Key West",41
" Kissimmee",92
" Las Vegas",259
" Los Angeles",345
" Maui",48
" Memphis",58
" Miami",105
" Napa",47
" New Orleans",77
" New South Wales 2000",74
" New York City",618
" Ocean City",95
" Orlando",186
" Phoenix",183
" Playa del Carmen 77710",123
" San Diego",495
" San Francisco",108
" Seattle",255
"NA",3027
